{"cameraMode":{"drawMode":0,"name":"Shaded","section":"Shading Mode"},"sceneLighting":true,"audioPlay":false,"sceneViewState":{"showFog":false,"showMaterialUpdate":false,"showSkybox":false,"showFlares":false,"showImageEffects":false,"showParticleSystems":false},"in2DMode":false,"pivot":{"x":-2.229461669921875,"y":-1.4808349609375,"z":-0.0419921875},"rotation":{"x":-0.01918325200676918,"y":-0.024590032175183297,"z":-0.0004719880234915763,"w":0.9995134472846985},"size":4.230017185211182,"orthographic":true}