{"cameraMode":{"drawMode":0,"name":"Shaded","section":"Shading Mode"},"sceneLighting":false,"audioPlay":false,"sceneViewState":{"showFog":false,"showMaterialUpdate":false,"showSkybox":false,"showFlares":false,"showImageEffects":false,"showParticleSystems":false},"in2DMode":false,"pivot":{"x":-3.691758632659912,"y":-1.979936957359314,"z":-1.2714061737060547},"rotation":{"x":-0.01918325200676918,"y":-0.024590032175183297,"z":-0.0004719880234915763,"w":0.9995134472846985},"size":1.4702603816986085,"orthographic":true}