{"cameraMode":{"drawMode":0,"name":"Shaded","section":"Shading Mode"},"sceneLighting":false,"audioPlay":false,"sceneViewState":{"showFog":false,"showMaterialUpdate":false,"showSkybox":false,"showFlares":false,"showImageEffects":false,"showParticleSystems":false},"in2DMode":false,"pivot":{"x":107.02418518066406,"y":45.62726974487305,"z":-66.38468933105469},"rotation":{"x":-0.01918325200676918,"y":-0.024590032175183297,"z":-0.0004719880234915763,"w":0.9995134472846985},"size":1.8510148525238038,"orthographic":true}